{
  "intercept": 15.784841658510995,
  "coefficients": {
    "minutes_played": 0.0003686235780852113,
    "is_top4": 0.21177088241355702,
    "is_top6": 0.4975861084641675,
    "is_bottom6": -0.4039909971827751,
    "is_historic_top6": 0.4038093732795981,
    "is_promoted": 0.14908124783864887,
    "xg_diff": -0.09546124430154226,
    "pass_success_pct": 0.009275302577258365,
    "fouls_per_game": 0.38452262295896544,
    "dribbled_past_per_game": -0.12008437124248704,
    "yellow_cards": 0.004216211370645639,
    "is_striker": 0.29417026711239924,
    "is_winger": -1.767972797004502,
    "is_attmid": -0.2848921563930563,
    "is_cm": -0.019500429474122272,
    "is_cdm": -0.6385618627388515,
    "is_fullback": 0.03383190204158766,
    "is_gk": -0.49848900776289357,
    "striker_age": -0.6308428674018454,
    "winger_age": -0.14320197178629518,
    "attmid_age": -0.11020896003285972,
    "cm_age": -0.1010071673524156,
    "cdm_age": -0.10790112730483402,
    "fullback_age": -0.11004893751586331,
    "cb_age": -0.1377695428136398,
    "gk_age": -0.19733108886895828,
    "striker_age_sq": 0.05978504217693874,
    "winger_age_sq": -0.004383075539413335,
    "attmid_age_sq": -0.019178138388281595,
    "cm_age_sq": -0.012807333013661085,
    "cdm_age_sq": 0.0006636637469525127,
    "fullback_age_sq": 0.01993001488161987,
    "cb_age_sq": -0.006029994727225665,
    "gk_age_sq": 0.00031687064274575654,
    "striker_goals_per_90": 0.09162772870211797,
    "winger_goals_per_90": 1.0729817251207372,
    "attmid_goals_per_90": 3.3589670890726957,
    "cm_goals_per_90": 2.595370710927924,
    "cdm_goals_per_90": 0.11186740559644234,
    "fullback_goals_per_90": 0.005397575435457778,
    "cb_goals_per_90": 1.5477615940720555,
    "striker_assists_per_90": 0.09426547288210002,
    "winger_assists_per_90": 2.974027570865056,
    "attmid_assists_per_90": 0.5913255091977222,
    "cm_assists_per_90": 0.3707051238636493,
    "cdm_assists_per_90": 4.697642758714823,
    "cb_assists_per_90": -0.42229093361972303,
    "gk_save_pct": 0.014089726642056733,
    "gk_cs_per_90": -2.9191678304101303,
    "gk_ga_per_90": 0.2861227524509647,
    "gk_sota_per_90": -0.7822759332340928,
    "gk_pk_save_pct": 0.010621814801022002,
    "tackles_per_game_winger": -0.6962166612672879,
    "tackles_per_game_attmid": -0.1518491507943918,
    "tackles_per_game_cm": -0.34035454155087186,
    "tackles_per_game_cdm": -0.38406669372697566,
    "tackles_per_game_cb": -0.11680994482183986,
    "tackles_per_game_gk": -10.138144476307389,
    "interceptions_per_game_winger": 0.3028192447486907,
    "interceptions_per_game_attmid": -0.17668805717913705,
    "interceptions_per_game_cm": -0.7477254102403839,
    "interceptions_per_game_cdm": 0.07114892092679495,
    "interceptions_per_game_cb": 0.14581475280589012,
    "interceptions_per_game_gk": -10.138144476306934,
    "clearances_per_game_winger": 1.0878958429284664,
    "clearances_per_game_attmid": 0.4108709367251517,
    "clearances_per_game_cm": -0.1178494270004242,
    "clearances_per_game_cdm": 0.7521573846417333,
    "clearances_per_game_cb": -0.1652601697537635,
    "clearances_per_game_gk": 1.1543063962084403,
    "blocks_per_game_winger": -0.047599448607806134,
    "blocks_per_game_attmid": 1.3372278631510612,
    "blocks_per_game_cm": 0.5501850934212846,
    "blocks_per_game_cdm": -0.7018451779716293,
    "blocks_per_game_cb": -0.06085610788196786,
    "aerials_won_winger": -0.33046061605012,
    "aerials_won_attmid": -0.4088356270094915,
    "aerials_won_cm": -0.12685120465888833,
    "aerials_won_cdm": -0.11855342763318699,
    "aerials_won_cb": 0.16882407219935966,
    "aerials_won_gk": 1.254319160052995,
    "key_passes_per_game_winger": 0.4749526475664,
    "key_passes_per_game_attmid": -0.5179850641721386,
    "key_passes_per_game_cm": 0.47212779518202613,
    "key_passes_per_game_cdm": -0.01854209671808018,
    "key_passes_per_game_cb": 0.21926676813591534,
    "key_passes_per_game_gk": 7.636098620197489,
    "dribbles_per_game_winger": -0.6855577071424662,
    "dribbles_per_game_attmid": 0.3405475861572256,
    "dribbles_per_game_cm": 0.1808413297852665,
    "dribbles_per_game_cdm": 0.47319926879269564,
    "dribbles_per_game_cb": 0.1346944062371967,
    "dribbles_per_game_gk": -18.110667273651305,
    "avg_passes_per_game_winger": 0.16308235616965447,
    "avg_passes_per_game_attmid": 0.05316092994462116,
    "avg_passes_per_game_cm": 0.022073381646206505,
    "avg_passes_per_game_cdm": -0.006606135851265179,
    "avg_passes_per_game_cb": 0.008390376464892232,
    "avg_passes_per_game_gk": -0.008775265315464008,
    "shots_per_game_winger": -0.08536069862022978,
    "shots_per_game_attmid": -0.30467620055381145,
    "shots_per_game_cm": -0.2473094067328299,
    "shots_per_game_cdm": 0.1110222284253313,
    "shots_per_game_cb": 0.11558191099785645,
    "xg_winger": -0.036718040259032005,
    "xg_attmid": 0.024332489473863163,
    "xg_cm": -0.08013976917922594,
    "xg_cdm": 0.034090077779852554,
    "xg_cb": -0.06331310566502635,
    "xg_gk": 25.99603557977412,
    "fouled_per_game_winger": 0.2725663618621566,
    "fouled_per_game_attmid": 0.11978832045617709,
    "fouled_per_game_cm": 0.36346881069307413,
    "fouled_per_game_cdm": 0.505953181354149,
    "fouled_per_game_cb": 0.11205377652764487,
    "fouled_per_game_gk": -2.701099446218885
  },
  "pvalues": {
    "minutes_played": 1.0341700856891252e-07,
    "is_top4": 0.09913248642437275,
    "is_top6": 4.880541503022679e-05,
    "is_bottom6": 0.0008932053070360775,
    "is_historic_top6": 3.5691566265451834e-05,
    "is_promoted": 0.3106656239326837,
    "xg_diff": 0.03825971848524517,
    "pass_success_pct": 0.34308071002798357,
    "fouls_per_game": 0.0021843752338031575,
    "dribbled_past_per_game": 0.5448031487026146,
    "yellow_cards": 0.8186231315333616,
    "is_striker": 0.004014726834639497,
    "is_winger": 0.04651994106800589,
    "is_attmid": 0.3635050633669481,
    "is_cm": 0.9482584579581194,
    "is_cdm": 0.3884913034772206,
    "is_fullback": 0.6049617213097129,
    "is_gk": 0.47713420975563725,
    "striker_age": 0.003905450494916197,
    "winger_age": 0.12796325565295244,
    "attmid_age": 0.00010962515870671679,
    "cm_age": 1.676290536986278e-05,
    "cdm_age": 0.057007731025133325,
    "fullback_age": 0.5907911545252061,
    "cb_age": 2.067858196470247e-18,
    "gk_age": 0.00022181961581657276,
    "striker_age_sq": 0.02353397334316938,
    "winger_age_sq": 0.7140779380118514,
    "attmid_age_sq": 0.0005701596399263441,
    "cm_age_sq": 0.0014921872967661985,
    "cdm_age_sq": 0.967437013531189,
    "fullback_age_sq": 0.7765256181855642,
    "cb_age_sq": 0.026770507887146265,
    "gk_age_sq": 0.9691062503183788,
    "striker_goals_per_90": 0.004012675079239932,
    "winger_goals_per_90": 0.4990716531619459,
    "attmid_goals_per_90": 3.0388806782893104e-05,
    "cm_goals_per_90": 0.00440427152848343,
    "cdm_goals_per_90": 0.973057045848255,
    "fullback_goals_per_90": 0.5971146523394286,
    "cb_goals_per_90": 0.1535722240787753,
    "striker_assists_per_90": 0.003996996043907316,
    "winger_assists_per_90": 0.3235171988521749,
    "attmid_assists_per_90": 0.4223463321016153,
    "cm_assists_per_90": 0.6203114420641576,
    "cdm_assists_per_90": 0.17841037284463704,
    "cb_assists_per_90": 0.54241348976809,
    "gk_save_pct": 0.8976224667976278,
    "gk_cs_per_90": 0.3467747633695183,
    "gk_ga_per_90": 0.90031978360763,
    "gk_sota_per_90": 0.30708972451782196,
    "gk_pk_save_pct": 0.2846834008053186,
    "tackles_per_game_winger": 0.5166773094335039,
    "tackles_per_game_attmid": 0.6263555713696862,
    "tackles_per_game_cm": 0.12845504837383165,
    "tackles_per_game_cdm": 0.39508701219282294,
    "tackles_per_game_cb": 0.3074764563431404,
    "tackles_per_game_gk": 0.01207947426026263,
    "interceptions_per_game_winger": 0.9200089214286338,
    "interceptions_per_game_attmid": 0.7855460124125482,