{
  "intercept": 16.12238701717301,
  "coefficients": {
    "minutes_played": 0.0003342794329372992,
    "contract_months_remaining": 0.005853189248759206,
    "is_top4": 0.3087822988762355,
    "is_top6": 0.45299176994892987,
    "is_bottom6": -0.4412741719435946,
    "rating": 0.05352692112635365,
    "xg_diff": -0.058622438620697874,
    "pass_success_pct": -0.011070773836087337,
    "fouls_per_game": 0.06592742738667383,
    "dribbled_past_per_game": -0.44842725591067273,
    "yellow_cards": -0.02647255155219429,
    "is_striker": 0.4189707414481217,
    "is_winger": -0.019237631837863298,
    "is_attacking_mid": 2.5487745015640626,
    "is_central_mid": -0.06828988835385262,
    "is_cdm": 0.9027348571191031,
    "is_fullback": 0.33155246737283517,
    "is_goalkeeper": -8.158324662262489,
    "is_brazilian": 0.10661140327476207,
    "is_french": 0.1956644011725185,
    "is_english": -0.03501480477864229,
    "is_spanish": -0.0235044301668592,
    "is_german": 0.39186245319539886,
    "is_argentinian": 0.5181988076489601,
    "is_portuguese": 0.1305041411556027,
    "is_african": 0.12123311454943486,
    "is_asian": 0.2740354073112255,
    "is_south_american_other": 0.006913368617303363,
    "striker_age": -0.07510157788536494,
    "winger_age": -0.08779632099363421,
    "attmid_age": -0.3198851967475232,
    "cm_age": -0.11380769806391068,
    "cdm_age": -0.08704283291632844,
    "fullback_age": -0.09746856152289061,
    "cb_age": -0.11050041248685204,
    "gk_age": 0.0329113953149216,
    "striker_age_sq": -0.014262150551655873,
    "winger_age_sq": -0.019321420641091346,
    "attmid_age_sq": -0.06072349232763486,
    "cm_age_sq": -0.011782577037538653,
    "cdm_age_sq": -0.030177248611945245,
    "fullback_age_sq": -0.018356157977848994,
    "cb_age_sq": -0.011135705290315202,
    "gk_age_sq": -0.03994482026576221,
    "striker_goals_per_90": 1.3455199151322979,
    "winger_goals_per_90": 0.62107267060645,
    "attmid_goals_per_90": -2.6082562170425696,
    "cm_goals_per_90": 0.0030344284807090815,
    "cdm_goals_per_90": 1.061382381688921,
    "fullback_goals_per_90": 1.4438778288083618,
    "cb_goals_per_90": 4.170996197707124,
    "striker_assists_per_90": 0.2600069380131616,
    "winger_assists_per_90": -0.018666675463847728,
    "attmid_assists_per_90": -2.8562742896812616,
    "cm_assists_per_90": 2.261943900868157,
    "cdm_assists_per_90": 0.46806992118317703,
    "fullback_assists_per_90": -0.20095018798996403,
    "cb_assists_per_90": -0.03844254014315171,
    "gk_save_pct": 0.09674711241835429,
    "gk_cs_per_90": 2.077926076310627,
    "gk_ga_per_90": 1.8484295615668624,
    "gk_sota_per_90": -0.3542975626389053,
    "gk_pk_save_pct": 0.7286246713457399,
    "tackles_striker": 0.6137954122394542,
    "tackles_winger": -0.35110353673514,
    "tackles_attmid": -1.5906333085802609,
    "tackles_cm": 0.406346503067964,
    "tackles_cdm": 0.0973073905458212,
    "tackles_fullback": -0.3657409965841587,
    "tackles_cb": -0.060188483112398675,
    "tackles_gk": -3.0339124569492153,
    "interceptions_striker": 2.6799148971486924,
    "interceptions_winger": -0.36738585517385725,
    "interceptions_attmid": 0.24714002010539637,
    "interceptions_cm": -0.5177116804362999,
    "interceptions_cdm": 0.07777259955477266,
    "interceptions_fullback": 0.09467111879166171,
    "interceptions_cb": 0.11628625884804435,
    "interceptions_gk": -9.262022480742601,
    "clearances_striker": 0.4674454023289204,
    "clearances_winger": -0.14390809007747263,
    "clearances_attmid": 0.7571197395577304,
    "clearances_cm": 0.5020881880348678,
    "clearances_cdm": -0.03656038522198829,
    "clearances_fullback": 0.12632494377209294,
    "clearances_cb": -0.02243772302739462,
    "clearances_gk": 1.2845017501405156,
    "blocks_striker": 2.36938540163644,
    "blocks_winger": 1.2626462088191492,
    "blocks_attmid": 0.5588855801744262,
    "blocks_cm": -2.0898937489263685,
    "blocks_cdm": -0.5369399138566369,
    "blocks_fullback": -1.2428210236211923,
    "blocks_cb": -0.2462358928915332,
    "blocks_gk": 2.2542264211926e-14,
    "aerials_won_striker": -0.25453161327912455,
    "aerials_won_winger": -0.03451360112306515,
    "aerials_won_attmid": -0.30857016497055845,
    "aerials_won_cm": -0.1946895517482568,
    "aerials_won_cdm": -0.21776665879544996,
    "aerials_won_fullback": -0.21988951624566272,
    "aerials_won_cb": -0.017957690044834912,
    "aerials_won_gk": -1.1715269387333027,
    "key_passes_striker": 0.36725889387239574,
    "key_passes_winger": -0.6533740040511018,
    "key_passes_attmid": 0.18928646939031857,
    "key_passes_cm": -0.07438370575600942,
    "key_passes_cdm": -0.6740825331469165,
    "key_passes_fullback": 0.1884019664256093,
    "key_passes_cb": 0.595763473058693,
    "key_passes_gk": -0.07785889747672048,
    "dribbles_striker": -0.30746696528868017,
    "dribbles_winger": 0.33549825223720814,
    "dribbles_attmid": -0.6211860698864927,
    "dribbles_cm": 0.057771122639346674,
    "dribbles_cdm": 1.0415851896536128,
    "dribbles_fullback": 0.3539116407588435,
    "dribbles_cb": 0.025209810316097002,
    "dribbles_gk": -12.226723558990464,
    "crosses_striker": 1.9580422755527331,
    "crosses_winger": 0.6449575008038366,
    "crosses_attmid": -0.2258537058523706,
    "crosses_cm": 0.37156454378820053,
    "crosses_cdm": -0.5890269173543994,
    "crosses_fullback": -0.2271941023292441,
    "crosses_cb": -1.1428460972501617,
    "crosses_gk": 2.8126511443638944e-15,
    "long_balls_striker": -2.3175404418137333,
    "long_balls_winger": -0.26603240594695543,
    "long_balls_attmid": 0.49176664148425653,
    "long_balls_cm": -0.182578759503856,
    "long_balls_cdm": 0.6797383614558408,
    "long_balls_fullback": 0.4593946094861615,
    "long_balls_cb": 0.12771548421133408,
    "long_balls_gk": -0.18546549227044362,
    "through_balls_striker": 0.33116970294365555,
    "through_balls_winger": 1.0862356977002152,
    "through_balls_attmid": 5.645436421240117,
    "through_balls_cm": 1.6382696515282917,
    "through_balls_cdm": 1.1220790631466862,
    "through_balls_fullback": -2.7240042760327197,
    "through_balls_cb": -2.4624806329841333,
    "through_balls_gk": -1.0732293002419076e-14,
    "avg_passes_striker": -0.0435766778678518,
    "avg_passes_winger": 0.03493843219452196,
    "avg_passes_attmid": 0.01697295305855695,
    "avg_passes_cm": 0.016711604031027137,
    "avg_passes_cdm": -0.008447942331389121,
    "avg_passes_fullback": 0.0033785292265586363,
    "avg_passes_cb": 0.011642243738633136,
    "avg_passes_gk": 0.03686722373875907,
    "shots_striker": -0.00459576130816896,
    "shots_winger": 0.639487651946136,
    "shots_attmid": -1.7049246029327434,
    "shots_cm": 0.5711614295421759,
    "shots_cdm": 0.6141050658831411,
    "shots_fullback": 0.3854720892213676,
    "shots_cb": 0.37851819055854086,
    "shots_gk": 3.077355126796328e-15,
    "xg_striker": 0.013910325428206105,
    "xg_winger": -0.15095644875632475,
    "xg_attmid": 0.20819005439417038,
    "xg_cm": -0.2752827927072552,
    "xg_cdm": 0.09104764266614848,
    "xg_fullback": 0.07682644321024114,
    "xg_cb": -0.2973486153143791,
    "xg_gk": -2.9831260575061758,
    "xg_p90_striker": -2.306106468233955,
    "xg_p90_winger": 3.4373287255472844,
    "xg_p90_attmid": -4.368012146768895,
    "xg_p90_cm": 3.821703645944109,
    "xg_p90_cdm": -2.5519994322036696,
    "xg_p90_fullback": 1.7193766521465608,
    "xg_p90_cb": 2.8479035930891596,
    "xg_p90_gk": -2.9831260575061926,
    "fouled_striker": 0.16585684673661544,
    "fouled_winger": 0.2511121336874858,
    "fouled_attmid": 1.942787853129336,
    "fouled_cm": 0.011644593501451542,
    "fouled_cdm": -0.3033322797066264,
    "fouled_fullback": 0.10109615901386437,
    "fouled_cb": 0.055959683149035926,
    "fouled_gk": -1.907475099292206
  },
  "residual_std": 0.27639298537390516,
  "mean_log_value": 16.885518098074954
}