{
  "intercept": 16.111681362868932,
  "coefficients": {
    "minutes_played": 0.0004335962186854613,
    "contract_months_remaining": 0.0038893923475975273,
    "is_top4": -0.035269412840753606,
    "is_top6": -0.05317960459456044,
    "is_bottom6": -0.5478589352531565,
    "is_historic_top6": 0.5697190509720981,
    "rating": 0.006392383281277242,
    "xg_diff": -0.057078538533183724,
    "pass_success_pct": -0.007247971983339183,
    "fouls_per_game": 0.06799492660727455,
    "dribbled_past_per_game": -0.3563129971088317,
    "yellow_cards": -0.03730981941798773,
    "is_striker": 0.4522811162776712,
    "is_winger": 0.049291226944326555,
    "is_attacking_mid": 3.9644098394784595,
    "is_central_mid": -0.03493561640325799,
    "is_cdm": 0.864630751283059,
    "is_fullback": 0.20853174637672386,
    "is_goalkeeper": -13.302997492731661,
    "is_brazilian": 0.09048294690110477,
    "is_french": 0.18758317464276508,
    "is_english": -0.029748013579691347,
    "is_spanish": -0.09408085768708403,
    "is_german": 0.4141446414849485,
    "is_argentinian": 0.4467912900531728,
    "is_portuguese": 0.04643619858495204,
    "is_african": 0.08742597504218332,
    "is_asian": 0.16839709342388642,
    "is_south_american_other": -0.025623110756111844,
    "striker_age": -0.08621890655317829,
    "winger_age": -0.0841910591461766,
    "attmid_age": -0.523121945346376,
    "cm_age": -0.1077342608226587,
    "cdm_age": -0.09272719820568977,
    "fullback_age": -0.09569298098865948,
    "cb_age": -0.09544968811686373,
    "gk_age": -0.0315402838891343,
    "striker_age_sq": -0.011660498446340086,
    "winger_age_sq": -0.01896882944266187,
    "attmid_age_sq": -0.09395605883311792,
    "cm_age_sq": -0.011848606665515222,
    "cdm_age_sq": -0.02837119076344459,
    "fullback_age_sq": -0.016196898503261108,
    "cb_age_sq": -0.012703398562042806,
    "gk_age_sq": -0.03353409297918243,
    "striker_goals_per_90": 0.8452446663535145,
    "winger_goals_per_90": 0.8048358433483344,
    "attmid_goals_per_90": -3.4063042585004006,
    "cm_goals_per_90": 0.1708630898899653,
    "cdm_goals_per_90": 1.2281642284779715,
    "fullback_goals_per_90": 1.3788592018808832,
    "cb_goals_per_90": 2.786700762477632,
    "striker_assists_per_90": 0.5052407793203008,
    "winger_assists_per_90": -0.35243522224073287,
    "attmid_assists_per_90": -4.531479908827846,
    "cm_assists_per_90": 1.394862476181375,
    "cdm_assists_per_90": -0.27818047798887746,
    "fullback_assists_per_90": 0.11453916959651399,
    "cb_assists_per_90": -0.08502358534503267,
    "gk_save_pct": 0.16250513072068654,
    "gk_cs_per_90": 2.0534605207087613,
    "gk_ga_per_90": 3.302702527908717,
    "gk_sota_per_90": -0.6799091052060255,
    "gk_pk_save_pct": 1.1225715188142804,
    "tackles_striker": 0.17349349512494608,
    "tackles_winger": -0.42391822608037905,
    "tackles_attmid": -2.524350141337208,
    "tackles_cm": 0.3354998072121668,
    "tackles_cdm": -0.08025879893469731,
    "tackles_fullback": -0.3938416797034511,
    "tackles_cb": -0.08209187044524979,
    "tackles_gk": 0.8338781513251697,
    "interceptions_striker": 3.0898798411567268,
    "interceptions_winger": 0.06567807922266672,
    "interceptions_attmid": 0.09453098745287632,
    "interceptions_cm": -0.2452850429200475,
    "interceptions_cdm": 0.15413597409788013,
    "interceptions_fullback": 0.16578691282675337,
    "interceptions_cb": 0.11938743047021175,
    "interceptions_gk": -10.66419528503128,
    "clearances_striker": 0.4553394754839087,
    "clearances_winger": -0.17344860086275674,
    "clearances_attmid": 2.1407859436759655,
    "clearances_cm": 0.22269443075064882,
    "clearances_cdm": 0.03432266557127073,
    "clearances_fullback": 0.20252732387060485,
    "clearances_cb": 0.006810847173786379,
    "clearances_gk": 2.318639034780274,
    "blocks_striker": 2.3012527317444196,
    "blocks_winger": 1.2208739631685201,
    "blocks_attmid": 1.5115401187890145,
    "blocks_cm": -1.8861826254499714,
    "blocks_cdm": -0.3925789776428112,
    "blocks_fullback": -1.101653599449699,
    "blocks_cb": -0.17484074464232335,
    "blocks_gk": -4.214554651651218e-14,
    "aerials_won_striker": -0.27223734564805485,
    "aerials_won_winger": -0.0835244267161555,
    "aerials_won_attmid": 0.14837781186541102,
    "aerials_won_cm": -0.052877589181409446,
    "aerials_won_cdm": -0.17133939916766697,
    "aerials_won_fullback": -0.33242198387447797,
    "aerials_won_cb": -0.06408126220267593,
    "aerials_won_gk": -2.7319537838527057,
    "key_passes_striker": 0.1332543461911764,
    "key_passes_winger": -0.6428983419676699,
    "key_passes_attmid": 0.14403684376905,
    "key_passes_cm": 0.14944202212566643,
    "key_passes_cdm": -0.4078407008980108,
    "key_passes_fullback": 0.34981029846202794,
    "key_passes_cb": 0.5741652391812901,
    "key_passes_gk": 0.8632202828418639,
    "dribbles_striker": -0.2446198497911797,
    "dribbles_winger": 0.2919400339791402,
    "dribbles_attmid": -0.27598412284447343,
    "dribbles_cm": 0.11732369095548156,
    "dribbles_cdm": 0.6180212244851602,
    "dribbles_fullback": 0.2972457242920214,
    "dribbles_cb": -0.12457377072527036,
    "dribbles_gk": -14.645318532664021,
    "crosses_striker": 1.203171675504683,
    "crosses_winger": 0.5365534592330776,
    "crosses_attmid": -0.638034192854919,
    "crosses_cm": 0.29014837529450976,
    "crosses_cdm": -0.3959551160740093,
    "crosses_fullback": -0.25709937320450266,
    "crosses_cb": -1.1085647386881938,
    "crosses_gk": -2.3429532047824355e-14,
    "long_balls_striker": -1.9450106040428061,
    "long_balls_winger": -0.33573764201613465,
    "long_balls_attmid": 0.829552843262599,
    "long_balls_cm": -0.07827283856358931,
    "long_balls_cdm": 0.4553530142357238,
    "long_balls_fullback": 0.31400989857558176,
    "long_balls_cb": 0.1323119677560676,
    "long_balls_gk": -0.35578876945754556,
    "through_balls_striker": -0.2196006527156436,
    "through_balls_winger": 0.628373970428089,
    "through_balls_attmid": 9.922730635953775,
    "through_balls_cm": 1.6447266765833937,
    "through_balls_cdm": 1.3222803753639305,
    "through_balls_fullback": -3.1083318746823028,
    "through_balls_cb": -2.982924766854621,
    "through_balls_gk": 3.856881504920028e-14,
    "avg_passes_striker": -0.04539270097372948,
    "avg_passes_winger": 0.035215607008059244,
    "avg_passes_attmid": 0.006843981996117551,
    "avg_passes_cm": 0.007383042747531697,
    "avg_passes_cdm": -0.0112923510776191,
    "avg_passes_fullback": -0.0004978708155279318,
    "avg_passes_cb": 0.007772718439740173,
    "avg_passes_gk": 0.026907461191332135,
    "shots_striker": -0.048853685225828745,
    "shots_winger": 0.6357793630488094,
    "shots_attmid": -3.8521075356466854,
    "shots_cm": 0.47460785214329004,
    "shots_cdm": 0.3546628067561683,
    "shots_fullback": 0.6944436436387496,
    "shots_cb": 0.5126139310791887,
    "shots_gk": 5.228320813358707e-16,
    "xg_striker": 0.0323489135508461,
    "xg_winger": -0.16634570368169435,
    "xg_attmid": 0.5546698136602645,
    "xg_cm": -0.2808342095352415,
    "xg_cdm": 0.032679248609385654,
    "xg_fullback": -0.0343401116813037,
    "xg_cb": -0.31072389808747064,
    "xg_gk": -3.5352080330557074,
    "xg_p90_striker": -1.5860516728298766,
    "xg_p90_winger": 3.8969767925329455,
    "xg_p90_attmid": -9.707696411957388,
    "xg_p90_cm": 3.7172110141508083,
    "xg_p90_cdm": -0.3904780486939593,
    "xg_p90_fullback": 2.1920868503075637,
    "xg_p90_cb": 2.8037976497023576,
    "xg_p90_gk": -3.53520803305569,
    "fouled_striker": 0.335900419190731,
    "fouled_winger": 0.2224052525044655,
    "fouled_attmid": 2.518230330617306,
    "fouled_cm": 0.12574553805030877,
    "fouled_cdm": 0.23546285003563638,
    "fouled_fullback": 0.1004654059662727,
    "fouled_cb": 0.1262534495971985,
    "fouled_gk": 0.0594582652559248
  },
  "pvalues": {
    "minutes_played": 0.00010002487601282032,