{
  "intercept": 16.124403676506525,
  "coefficients": {
    "minutes_played": 0.0004701981371480458,
    "contract_months_remaining": 0.003819944346493744,
    "is_top4": -0.008151511868894493,
    "is_top6": 0.013217870669440015,
    "is_bottom6": -0.4192532188732631,
    "is_historic_top6": 0.47839155238731657,
    "is_promoted": -0.3087097438348463,
    "rating": 0.02101400216218258,
    "xg_diff": -0.04520045663818606,
    "pass_success_pct": -0.008181458921426165,
    "fouls_per_game": 0.0265414262888385,
    "dribbled_past_per_game": -0.21535530629292116,
    "yellow_cards": -0.04614425279470095,
    "is_striker": 0.4394135977933831,
    "is_winger": 0.10874922455348075,
    "is_attacking_mid": 3.3909305796281255,
    "is_central_mid": 0.027255501416504305,
    "is_cdm": 0.8883357235868716,
    "is_fullback": 0.20005203264846275,
    "is_goalkeeper": -13.080231898887277,
    "is_brazilian": 0.016966936451556405,
    "is_french": 0.20042286972354126,
    "is_english": -0.04318505256425344,
    "is_spanish": -0.08698673753926842,
    "is_german": 0.3505317107781826,
    "is_argentinian": 0.3951578592479844,
    "is_portuguese": -0.0368743695544053,
    "is_african": 0.1313748253768997,
    "is_asian": 0.1338065212308395,
    "is_south_american_other": -0.049490824846779455,
    "striker_age": -0.10013955316281878,
    "winger_age": -0.08365292733679296,
    "attmid_age": -0.479441712179217,
    "cm_age": -0.11126711384157491,
    "cdm_age": -0.09727777972317589,
    "fullback_age": -0.09185660329662777,
    "cb_age": -0.1008894914112679,
    "gk_age": -0.03613394391870097,
    "striker_age_sq": -0.012164744071463986,
    "winger_age_sq": -0.019940819212363164,
    "attmid_age_sq": -0.09132000566165181,
    "cm_age_sq": -0.011464132040629139,
    "cdm_age_sq": -0.027905415703025967,
    "fullback_age_sq": -0.017010074733307366,
    "cb_age_sq": -0.012818603393277082,
    "gk_age_sq": -0.029407521047048607,
    "striker_goals_per_90": 0.9381106862976963,
    "winger_goals_per_90": 0.6605149990578041,
    "attmid_goals_per_90": -3.11332123116502,
    "cm_goals_per_90": 0.344926254147117,
    "cdm_goals_per_90": 0.2527735694067884,
    "fullback_goals_per_90": 1.1584889889427723,
    "cb_goals_per_90": 3.3018896790880907,
    "striker_assists_per_90": 0.28780372488600714,
    "winger_assists_per_90": -0.5420421370724612,
    "attmid_assists_per_90": -4.307669771370897,
    "cm_assists_per_90": 0.985945351034816,
    "cdm_assists_per_90": -0.10359037466332369,
    "fullback_assists_per_90": 0.012611096101232998,
    "cb_assists_per_90": -0.12807112154858627,
    "gk_save_pct": 0.1588143184554804,
    "gk_cs_per_90": 2.756127682625025,
    "gk_ga_per_90": 4.217868690653901,
    "gk_sota_per_90": -1.096275665947438,
    "gk_pk_save_pct": 1.4737271260672173,
    "tackles_striker": 0.3420073026831161,
    "tackles_winger": -0.3988738558064992,
    "tackles_attmid": -2.254345832864104,
    "tackles_cm": 0.27993843352655656,
    "tackles_cdm": -0.04329175528600573,
    "tackles_fullback": -0.44387254320319247,
    "tackles_cb": -0.181210987153575,
    "tackles_gk": 0.09287029304792681,
    "interceptions_striker": 2.9230590604023057,
    "interceptions_winger": 0.160747733302695,
    "interceptions_attmid": 0.05651573767629871,
    "interceptions_cm": -0.13657318173111369,
    "interceptions_cdm": 0.14518016744489853,
    "interceptions_fullback": 0.26541665348945437,
    "interceptions_cb": -0.03870430845855951,
    "interceptions_gk": -7.28521385556943,
    "clearances_striker": 0.35103740542353173,
    "clearances_winger": -0.28874414439388174,
    "clearances_attmid": 1.995461286067644,
    "clearances_cm": 0.2121897278171219,
    "clearances_cdm": -0.1031402375498723,
    "clearances_fullback": 0.15424191122142777,
    "clearances_cb": 0.05083473532517643,
    "clearances_gk": 1.4571207613883608,
    "blocks_striker": 2.599698205808592,
    "blocks_winger": 1.0623635817785249,
    "blocks_attmid": 1.9745603090760535,
    "blocks_cm": -1.695565661870568,
    "blocks_cdm": 0.08222402648480223,
    "blocks_fullback": -1.0561891419096932,
    "blocks_cb": -0.21726010113957794,
    "blocks_gk": -5.042465026753646e-14,
    "aerials_won_striker": -0.2855378826324649,
    "aerials_won_winger": -0.10381563364248604,
    "aerials_won_attmid": -0.4290116794742299,
    "aerials_won_cm": -0.07854652595776901,
    "aerials_won_cdm": -0.04459623505998837,
    "aerials_won_fullback": -0.2603449294309883,
    "aerials_won_cb": -0.07473714044539306,
    "aerials_won_gk": -1.4038277710142457,
    "key_passes_striker": -0.08045463482997754,
    "key_passes_winger": -0.5063222823364532,
    "key_passes_attmid": 0.40781124805103947,
    "key_passes_cm": 0.24819856559477876,
    "key_passes_cdm": -0.34599946577282953,
    "key_passes_fullback": 0.2986647074991437,
    "key_passes_cb": 0.8566555664161472,
    "key_passes_gk": 1.6223980934122122,
    "dribbles_striker": -0.33528468594989724,
    "dribbles_winger": 0.24282861714668874,
    "dribbles_attmid": -0.5765247239673655,
    "dribbles_cm": 0.026009870376454934,
    "dribbles_cdm": 0.6307481788903038,
    "dribbles_fullback": 0.24617152696810413,
    "dribbles_cb": 0.10525907854643932,
    "dribbles_gk": -14.424815099923288,
    "crosses_striker": 0.9986187260824149,
    "crosses_winger": 0.43050694972450104,
    "crosses_attmid": -0.8306622612377359,
    "crosses_cm": 0.2861362581943826,
    "crosses_cdm": -0.5107842997800921,
    "crosses_fullback": -0.4039793234566605,
    "crosses_cb": -1.0160487996457106,
    "crosses_gk": -2.6664617533438424e-14,
    "long_balls_striker": -1.924555065310929,
    "long_balls_winger": -0.21210247304657517,
    "long_balls_attmid": 0.6207179349373059,
    "long_balls_cm": -0.20993979324701523,
    "long_balls_cdm": 0.5299971564634693,
    "long_balls_fullback": 0.33566090952853017,
    "long_balls_cb": 0.09576574159837259,
    "long_balls_gk": -0.2220613884051726,
    "through_balls_striker": -0.3455444388142799,
    "through_balls_winger": 0.4415267252971447,
    "through_balls_attmid": 8.813256383672766,
    "through_balls_cm": 1.783404102676873,
    "through_balls_cdm": 0.7636785836321522,
    "through_balls_fullback": -2.668503655148252,
    "through_balls_cb": -2.6289759301217477,
    "through_balls_gk": -1.4533311957895343e-14,
    "avg_passes_striker": -0.04495385824419438,
    "avg_passes_winger": 0.023329529365523606,
    "avg_passes_attmid": 0.01164021904048792,
    "avg_passes_cm": 0.009835023753071211,
    "avg_passes_cdm": -0.009408511837772998,
    "avg_passes_fullback": 0.0002049559725843493,
    "avg_passes_cb": 0.008074587187547968,
    "avg_passes_gk": 0.022342525629780466,
    "shots_striker": -0.001486702700512913,
    "shots_winger": 0.672754906222734,
    "shots_attmid": -3.2890562395417393,
    "shots_cm": 0.35328201298182516,
    "shots_cdm": 0.4327526551938642,
    "shots_fullback": 0.6585706557926202,
    "shots_cb": 0.7086453351957748,
    "shots_gk": -6.885596017774635e-15,
    "xg_striker": 0.029174605403322194,
    "xg_winger": -0.17239536667016675,
    "xg_attmid": 0.44520348706285034,
    "xg_cm": -0.2558624208731377,
    "xg_cdm": 0.06897463813888663,
    "xg_fullback": 0.014387023952696063,
    "xg_cb": -0.3433374109637418,
    "xg_gk": -1.9514698402210233,
    "xg_p90_striker": -1.2800655440255735,
    "xg_p90_winger": 4.744059791308906,
    "xg_p90_attmid": -8.032193656542738,
    "xg_p90_cm": 3.2996341129114417,
    "xg_p90_cdm": -3.1684783042575795,
    "xg_p90_fullback": 1.7655016647857862,
    "xg_p90_cb": 2.483375822134286,
    "xg_p90_gk": -1.9514698402210167,
    "fouled_striker": 0.4263002497797228,
    "fouled_winger": 0.20128548432708576,
    "fouled_attmid": 2.6253441646108207,
    "fouled_cm": 0.15498665593455876,
    "fouled_cdm": -0.02649400125694199,
    "fouled_fullback": 0.20069321560956202,
    "fouled_cb": 0.0753031240125535,
    "fouled_gk": -0.6432471555493686
  },
  "pvalues": {
    "minutes_played": 1.7862314286331456e-05,