{
  "intercept": 0.0,
  "coefficients": {
    "minutes_played": 0.0010200278362232475,
    "contract_months_remaining": 0.4623503241187507,
    "is_top4": 0.2899917676312399,
    "is_top6": -0.21639218257354456,
    "is_bottom6": -0.38650448424701245,
    "is_historic_top6": 0.444267326104022,
    "is_promoted": -0.2570603926175759,
    "rating": 0.8037525823562812,
    "xg_diff": 0.029577357433910722,
    "pass_success_pct": 0.02854121687778842,
    "fouls_per_game": 0.037824162733128025,
    "dribbled_past_per_game": 0.16638745754912285,
    "yellow_cards": 0.050741169248805465,
    "is_striker": -2.882063615776549,
    "is_winger": -1.9290145770444167,
    "is_attacking_mid": -7.2047110284579094,
    "is_central_mid": 2.3015593256468585,
    "is_cdm": 2.454414107568276,
    "is_fullback": -1.7168196577108128,
    "is_goalkeeper": 10.157315123408859,
    "is_brazilian": -0.4219762753170822,
    "is_french": 0.20254912204858228,
    "is_english": -0.059146590508547224,
    "is_spanish": 0.39301533327209187,
    "is_german": 0.028875399581241253,
    "is_argentinian": -0.14663593202627673,
    "is_portuguese": 0.35942774168591507,
    "is_african": 0.05408160358597424,
    "is_asian": -0.17612742002453477,
    "is_south_american_other": 0.7655391727357127,
    "striker_age": -0.17798999073097782,
    "winger_age": -0.1254562259900762,
    "attmid_age": -0.1744816115696705,
    "cm_age": -0.1588069078982426,
    "cdm_age": -0.06782872916876093,
    "fullback_age": -0.13397256286079448,
    "cb_age": -0.2150265250903383,
    "gk_age": -0.27660687207383433,
    "striker_age_sq": -0.018209539300735485,
    "winger_age_sq": -0.003072446690821739,
    "attmid_age_sq": -0.005419247790362896,
    "cm_age_sq": 0.01185238998724375,
    "cdm_age_sq": -0.014104299474841363,
    "fullback_age_sq": 0.0013645005398769331,
    "cb_age_sq": -0.013330237970526173,
    "gk_age_sq": -0.012791193795396076,
    "striker_goals_per_90": 1.3117527436297811,
    "winger_goals_per_90": 0.37784659731532994,
    "attmid_goals_per_90": 1.108704197148194,
    "cm_goals_per_90": 1.6421798334975384,
    "cdm_goals_per_90": -2.5513897369568648,
    "fullback_goals_per_90": 1.1491397103726073,
    "cb_goals_per_90": -0.06743254018204076,
    "striker_assists_per_90": 1.2453575486487711,
    "winger_assists_per_90": 1.2971955749463295,
    "attmid_assists_per_90": 0.6357166953907305,
    "cm_assists_per_90": 2.406941150015966,
    "cdm_assists_per_90": 3.703246399436731,
    "fullback_assists_per_90": 0.10330677035242275,
    "cb_assists_per_90": 2.0790053624221887,
    "gk_save_pct": -0.004420355595914696,
    "gk_cs_per_90": -9.142955978382608,
    "gk_ga_per_90": -2.001023875897718,
    "gk_sota_per_90": -1.1332670448515587,
    "gk_pk_save_pct": -1.4691733076492255,
    "tackles_striker": 0.2347033995134225,
    "tackles_winger": -0.6004517657985844,
    "tackles_attmid": 0.09789222236158138,
    "tackles_cm": -0.03723315599322407,
    "tackles_cdm": -0.21811324623323233,
    "tackles_fullback": 0.10608202872527044,
    "tackles_cb": -0.5689368943198785,
    "tackles_gk": 3.759443526953369,
    "interceptions_striker": 0.8568300808173226,
    "interceptions_winger": 1.6655623011482532,
    "interceptions_attmid": -0.6926350298308788,
    "interceptions_cm": -0.16741011939320272,
    "interceptions_cdm": -0.04136315614451507,
    "interceptions_fullback": -0.30028139826434586,
    "interceptions_cb": 0.4761586468983861,
    "interceptions_gk": -3.5732728064760574e-14,
    "clearances_striker": -0.8463886208072807,
    "clearances_winger": -0.4929647938274283,
    "clearances_attmid": -0.029384237658037046,
    "clearances_cm": -0.4864560322330965,
    "clearances_cdm": -0.4352957350399936,
    "clearances_fullback": -0.35788975366891557,
    "clearances_cb": -0.11205636285330915,
    "clearances_gk": -0.7724814062271066,
    "blocks_striker": -5.140893402302983,
    "blocks_winger": 0.5674361744084708,
    "blocks_attmid": -0.2814763636166131,
    "blocks_cm": 0.9283216110540686,
    "blocks_cdm": 2.345852460659639,
    "blocks_fullback": -0.2637749008756644,
    "blocks_cb": -0.2314159304451337,
    "blocks_gk": -2.3476585129907202e-15,
    "aerials_won_striker": 0.5292896479932482,
    "aerials_won_winger": 0.22889783155593832,
    "aerials_won_attmid": -0.04919203498582258,
    "aerials_won_cm": 0.2949828722504846,
    "aerials_won_cdm": 0.3172620329548459,
    "aerials_won_fullback": 0.2511113135574414,
    "aerials_won_cb": -0.03594160712693515,
    "aerials_won_gk": -0.7727246410094788,
    "key_passes_striker": -0.012968398022400266,
    "key_passes_winger": -0.4572262166622269,
    "key_passes_attmid": -0.0050390869123940855,
    "key_passes_cm": 0.05163341711502058,
    "key_passes_cdm": 0.37357568595150087,
    "key_passes_fullback": -0.3250165804122053,
    "key_passes_cb": -0.2005024470697082,
    "key_passes_gk": 5.067356869688346,
    "dribbles_striker": 0.5824185803609337,
    "dribbles_winger": -0.06234156454371486,
    "dribbles_attmid": -0.24070195871493094,
    "dribbles_cm": -0.47515928831715654,
    "dribbles_cdm": 0.9840768000664025,
    "dribbles_fullback": 0.6853716681273352,
    "dribbles_cb": -0.3271698605547303,
    "dribbles_gk": 12.88503232145758,
    "crosses_striker": 0.020312709993738704,
    "crosses_winger": 0.019253159502645563,
    "crosses_attmid": 0.07656351838590585,
    "crosses_cm": -0.046355995118789156,
    "crosses_cdm": -0.05559162768065264,
    "crosses_fullback": 0.008824922060605766,
    "crosses_cb": -0.01099499226398793,
    "crosses_gk": 0.016529522003251897,
    "long_balls_striker": -1.5582044578852081,
    "long_balls_winger": 0.6320184604181187,
    "long_balls_attmid": 0.48184374232691574,
    "long_balls_cm": -0.4919272579199671,
    "long_balls_cdm": -0.1324218578740376,
    "long_balls_fullback": 0.344027253962974,
    "long_balls_cb": -0.29279860935395385,
    "long_balls_gk": -6.26435919675111e-15,
    "through_balls_striker": 0.1535994538257481,
    "through_balls_winger": -0.5057627987941298,
    "through_balls_attmid": -0.09355442091211894,
    "through_balls_cm": 0.07521668469567708,
    "through_balls_cdm": 0.45863870027676923,
    "through_balls_fullback": 0.08256519297381143,
    "through_balls_cb": 0.0558284848968436,
    "through_balls_gk": -0.04480215531974258,
    "avg_passes_striker": -0.012968398022411384,
    "avg_passes_winger": -0.45722621666224705,
    "avg_passes_attmid": -0.005039086912389011,
    "avg_passes_cm": 0.05163341711499139,
    "avg_passes_cdm": 0.37357568595151336,
    "avg_passes_fullback": -0.32501658041220205,
    "avg_passes_cb": -0.2005024470697266,
    "avg_passes_gk": 5.067356869688349,
    "shots_striker": 0.07282602598385074,
    "shots_winger": 0.022792382289192236,
    "shots_attmid": -0.47987889037153686,
    "shots_cm": 1.027378757025749,
    "shots_cdm": 4.783497435823244,
    "shots_fullback": -0.28308253282924817,
    "shots_cb": 0.4905454465579972,
    "shots_gk": 1.313827364103221e-15,
    "xg_striker": -0.9468235345420335,
    "xg_winger": 1.3216395077526486,
    "xg_attmid": 2.402189511296222,
    "xg_cm": 0.7023572436460273,
    "xg_cdm": -4.158546375064055,
    "xg_fullback": 0.6411899041503368,
    "xg_cb": 2.8758823437621825,
    "xg_gk": -1.6547577110994748e-16,
    "xg_p90_striker": -0.028021439600233112,
    "xg_p90_winger": -0.013681659802709217,
    "xg_p90_attmid": -0.01660804302247952,
    "xg_p90_cm": -0.06625954572726081,
    "xg_p90_cdm": -0.2598960068601465,
    "xg_p90_fullback": 0.0022599603852313235,
    "xg_p90_cb": -0.017662674821791104,
    "xg_p90_gk": -0.5129551288155977,
    "fouled_striker": 0.3199004911229219,
    "fouled_winger": -0.20200299227774346,
    "fouled_attmid": 0.3889002149934543,
    "fouled_cm": 0.07256261763564678,
    "fouled_cdm": -0.5265442509237429,
    "fouled_fullback": -0.7007291668636219,
    "fouled_cb": -0.07829666012477518,
    "fouled_gk": -5.906726758404145
  },