{
  "intercept": 28.106126626810106,
  "coefficients": {
    "minutes_played": 0.00017984133113188098,
    "is_top4": 0.027121876311292967,
    "is_top6": 0.02712187653217315,
    "is_bottom6": -0.1377095850586825,
    "is_historic_top6": 0.3114232044357698,
    "is_promoted": 0.5486388030288797,
    "rating": 0.601519390009646,
    "xg_diff": -0.009954985058918469,
    "pass_success_pct": 0.010822006721929752,
    "fouls_per_game": 0.05200137933577123,
    "dribbled_past_per_game": -0.13211870048737334,
    "yellow_cards": -0.031122501352207222,
    "is_striker": -0.44793970778464015,
    "is_winger": -1.435953309398141,
    "is_cm": -0.5322932838645935,
    "is_cdm": 0.04046515777626923,
    "is_fullback": -9.566512131429045e-05,
    "is_gk": 0.08776830319259618,
    "striker_age": -0.12188981806121135,
    "winger_age": -0.13060837511987258,
    "cm_age": -0.1426425068677932,
    "cdm_age": -0.0917533918009122,
    "fullback_age": 0.0002291097230904073,
    "cb_age": -0.13815438333936755,
    "gk_age": -0.13281524230245748,
    "striker_age_sq": -0.0232822542696385,
    "winger_age_sq": -0.010137755353057179,
    "cm_age_sq": -0.018272361484329765,
    "cdm_age_sq": -0.008878837147390267,
    "fullback_age_sq": 0.0005895848614572893,
    "cb_age_sq": -0.00597417827430381,
    "gk_age_sq": -0.0009093542197380215,
    "striker_goals_per_90": 0.7629807949955616,
    "winger_goals_per_90": 1.4691350946846664,
    "cm_goals_per_90": -0.21163202942147472,
    "cdm_goals_per_90": 1.025099512445223,
    "fullback_goals_per_90": 3.1179007225183987e-06,
    "cb_goals_per_90": 2.1730151923372474,
    "striker_assists_per_90": -0.07381451436575984,
    "winger_assists_per_90": 0.03720320697013871,
    "cm_assists_per_90": -0.6444115350174192,
    "cdm_assists_per_90": -0.3043044303619997,
    "fullback_assists_per_90": -4.539253733534029e-06,
    "cb_assists_per_90": -1.530976599179166,
    "gk_save_pct": -0.14930953865297666,
    "gk_cs_per_90": -4.865681483302999,
    "gk_ga_per_90": -2.858337282389476,
    "gk_sota_per_90": -0.054230034232984836,
    "gk_pk_save_pct": -0.0008108549663331053,
    "tackles_per_game_striker": -0.09379521302032565,
    "tackles_per_game_winger": 0.12204325500692925,
    "tackles_per_game_cm": -0.3447304397460604,
    "tackles_per_game_cdm": 0.19783826003769894,
    "tackles_per_game_fullback": -0.00016726214289533893,
    "tackles_per_game_cb": -0.4944568318419119,
    "tackles_per_game_gk": -0.6329111777581222,
    "interceptions_per_game_striker": -0.20083506622672662,
    "interceptions_per_game_winger": 0.06549225852291718,
    "interceptions_per_game_cm": 0.5760064252906983,
    "interceptions_per_game_cdm": -0.5834200087196043,
    "interceptions_per_game_fullback": -7.165775661923975e-05,
    "interceptions_per_game_cb": 0.3011376920976539,
    "interceptions_per_game_gk": 0.14690253117802596,
    "clearances_per_game_striker": -0.05884787985539167,
    "clearances_per_game_winger": 0.00017204437514338987,
    "clearances_per_game_cm": -0.008969564786820842,
    "clearances_per_game_cdm": -0.04099546802193986,
    "clearances_per_game_fullback": -0.0003104562309556721,
    "clearances_per_game_cb": 0.05330378192103525,
    "clearances_per_game_gk": 0.380011728176483,
    "blocks_per_game_striker": -0.6592163294501863,
    "blocks_per_game_winger": -0.28177763091184654,
    "blocks_per_game_cm": -0.154202418277215,
    "blocks_per_game_cdm": -0.5843534639089898,
    "blocks_per_game_fullback": -4.2958226643926484e-05,
    "blocks_per_game_cb": -0.252864965015263,
    "aerials_won_striker": -0.02154586059807813,
    "aerials_won_winger": 0.0667683196745819,
    "aerials_won_cm": 0.1401088860652241,
    "aerials_won_cdm": -0.3896274055094082,
    "aerials_won_fullback": -7.647136632737137e-05,
    "aerials_won_cb": -0.24764179605344958,
    "aerials_won_gk": -3.6130774613488477,
    "key_passes_per_game_striker": 0.026139315101364545,
    "key_passes_per_game_winger": 0.3910852694708463,
    "key_passes_per_game_cm": 0.24611324826335482,
    "key_passes_per_game_cdm": 0.40383644552012493,
    "key_passes_per_game_fullback": -8.59771656404067e-05,
    "key_passes_per_game_cb": 0.6265010702976505,
    "key_passes_per_game_gk": 2.883711396970346,
    "dribbles_per_game_striker": -0.1966162136176026,
    "dribbles_per_game_winger": -0.17910375993267388,
    "dribbles_per_game_cm": 0.06849250651470791,
    "dribbles_per_game_cdm": 0.6315110276295027,
    "dribbles_per_game_fullback": -7.647136570320363e-05,
    "dribbles_per_game_cb": -0.21297909913469054,
    "dribbles_per_game_gk": -2.9968955600107123,
    "avg_passes_per_game_striker": 0.02703303404689082,
    "avg_passes_per_game_winger": 0.004387626212027814,
    "avg_passes_per_game_cm": -0.001279891110479828,
    "avg_passes_per_game_cdm": 0.005129761107935629,
    "avg_passes_per_game_fullback": -0.003862562817754332,
    "avg_passes_per_game_cb": 0.004060766422607257,
    "avg_passes_per_game_gk": -0.01827848651893722,
    "shots_per_game_striker": 0.032749572583214606,
    "shots_per_game_winger": 0.34238878003182865,
    "shots_per_game_cm": -0.09804706672420826,
    "shots_per_game_cdm": -0.1275824453018989,
    "shots_per_game_fullback": -2.388591882331322e-05,
    "shots_per_game_cb": -0.36397745799702685,
    "xg_striker": -0.0003213492951657962,
    "xg_winger": -0.030037912447871736,
    "xg_cm": 0.046319810899770254,
    "xg_cdm": 0.054547230060987426,
    "xg_fullback": -4.253150525505979e-05,
    "xg_cb": -0.0505272383692354,
    "xg_gk": -4.228094244124323,
    "fouled_per_game_striker": -0.08446097556900894,
    "fouled_per_game_winger": -0.05486264771686639,
    "fouled_per_game_cm": 0.21793308905544423,
    "fouled_per_game_cdm": -0.24430978560176003,
    "fouled_per_game_fullback": -3.3816686594434325e-05,
    "fouled_per_game_cb": 0.41118358578232567,
    "fouled_per_game_gk": 3.488252011709854
  },
  "pvalues": {
    "minutes_played": 0.07877197107330049,
    "is_top4": 0.7265719477237296,
    "is_top6": 0.7265719458698744,
    "is_bottom6": 0.1270337038673387,
    "is_historic_top6": 0.02549592352926302,
    "is_promoted": 0.17474028886178286,
    "rating": 0.0720850293274362,
    "xg_diff": 0.759701849529343,
    "pass_success_pct": 0.2762277708431796,
    "fouls_per_game": 0.7004381965416877,
    "dribbled_past_per_game": 0.45209422952750966,
    "yellow_cards": 0.0690945687955652,
    "is_striker": 0.3932414258104563,
    "is_winger": 0.027906167676693093,
    "is_cm": 0.3106057275476267,
    "is_cdm": 0.949089579811983,
    "is_fullback": 0.8447391549238183,
    "is_gk": 0.9731061104931248,
    "striker_age": 1.220631741635704e-09,
    "winger_age": 1.676552845955182e-08,
    "cm_age": 1.4315346385099805e-16,
    "cdm_age": 0.17177354072854878,
    "fullback_age": 0.8545327543203216,
    "cb_age": 2.0690363581396522e-09,
    "gk_age": 0.39455070624712074,
    "striker_age_sq": 2.255248125133195e-06,
    "winger_age_sq": 0.0009547028433567519,
    "cm_age_sq": 1.6356442829363314e-08,
    "cdm_age_sq": 0.31333352279758986,
    "fullback_age_sq": 0.9459196881853758,
    "cb_age_sq": 0.22201100703673968,
    "gk_age_sq": 0.9739216344082333,
    "striker_goals_per_90": 0.2574544159909302,
    "winger_goals_per_90": 0.4489657947761766,
    "cm_goals_per_90": 0.7717183523048662,
    "cdm_goals_per_90": 0.7915946344116824,
    "fullback_goals_per_90": 0.8751015592827813,
    "cb_goals_per_90": 0.42120599728109565,
    "striker_assists_per_90": 0.9025956076432115,
    "winger_assists_per_90": 0.9751313888450928,
    "cm_assists_per_90": 0.36354762221985026,
    "cdm_assists_per_90": 0.8517295226571462,
    "fullback_assists_per_90": 0.8515986549155018,
    "cb_assists_per_90": 0.6090575032192358,
    "gk_save_pct": 0.711317396140105,
    "gk_cs_per_90": 0.18238594386222629,
    "gk_ga_per_90": 0.6613150955339899,
    "gk_sota_per_90": 0.9764582751916611,
    "gk_pk_save_pct": 0.958783541739761,
    "tackles_per_game_striker": 0.5959390046456088,