{
  "intercept": 0.0,
  "coefficients": {
    "minutes_played": -0.00018505303121724948,
    "contract_months_remaining": 0.12406594803325037,
    "is_top4": 0.08965060600039412,
    "is_top6": 0.1797960728577447,
    "is_bottom6": -0.17479878340040111,
    "rating": 2.3651053024748614,
    "xg_diff": -0.14255796757860978,
    "pass_success_pct": -0.0036903248126920877,
    "fouls_per_game": -0.534161226853559,
    "dribbled_past_per_game": -0.2441246798175141,
    "yellow_cards": 0.06410360716773648,
    "is_striker": -0.8397745357907845,
    "is_winger": -2.6783904660581923,
    "is_attacking_mid": 0.8885091260881854,
    "is_central_mid": -1.6877203612783724,
    "is_cdm": 0.7241170106698758,
    "is_fullback": -1.5264191588628087,
    "is_goalkeeper": -2.710954288263167,
    "is_brazilian": 0.19230083396842845,
    "is_french": 0.03677601703904101,
    "is_english": -0.012462378487423249,
    "is_spanish": 0.2555469098484306,
    "is_german": -0.6616075325145557,
    "is_argentinian": 0.6198158652557463,
    "is_portuguese": 0.9981289643339998,
    "is_african": -0.1298914774764436,
    "is_asian": 0.3912391008208119,
    "is_south_american_other": -0.24387631562649217,
    "striker_age": 0.13205075448909243,
    "winger_age": -0.031219177753048638,
    "attmid_age": -0.29080912438783374,
    "cm_age": -0.29467284798296145,
    "cdm_age": -0.20366666924652807,
    "fullback_age": -0.17589429388604913,
    "cb_age": -0.1641400601731263,
    "gk_age": -0.30792151142165053,
    "striker_age_sq": -0.08082379617462082,
    "winger_age_sq": 0.00129907072615216,
    "attmid_age_sq": -0.08396917162350366,
    "cm_age_sq": -0.03527950510480457,
    "cdm_age_sq": -0.02238947203022868,
    "fullback_age_sq": -0.016339292503501694,
    "cb_age_sq": -0.007043959495492037,
    "gk_age_sq": 0.005289257252129974,
    "striker_goals_per_90": 2.992017562296487,
    "winger_goals_per_90": 4.879570746354265,
    "attmid_goals_per_90": 1.7687648776786464,
    "cm_goals_per_90": 0.9394197300021816,
    "cdm_goals_per_90": 0.1192183221468774,
    "fullback_goals_per_90": 3.10846460943741,
    "cb_goals_per_90": 4.419365868304857,
    "gk_goals_per_90": 2.9878509365896947e-13,
    "striker_assists_per_90": -0.8768533274009295,
    "winger_assists_per_90": -3.7910532187346364,
    "attmid_assists_per_90": 0.3830354584880744,
    "cm_assists_per_90": 2.0767709333875497,
    "cdm_assists_per_90": 0.877231873288131,
    "fullback_assists_per_90": 1.969211640560312,
    "cb_assists_per_90": -0.6154532418103097,
    "gk_assists_per_90": 0.717427725690498,
    "tackles_striker": 0.7114948011826457,
    "tackles_winger": -0.48979309523367237,
    "tackles_attmid": -1.577802059160336,
    "tackles_cm": -0.08103920146665515,
    "tackles_cdm": 0.02627832569503463,
    "tackles_fullback": 0.38548478607802494,
    "tackles_cb": 0.47123643771226126,
    "tackles_gk": 8.516293647492496,
    "interceptions_striker": 5.126434436624281,
    "interceptions_winger": -1.4262776620853905,
    "interceptions_attmid": 0.994890819260727,
    "interceptions_cm": -0.865434122141611,
    "interceptions_cdm": -0.8235976252781309,
    "interceptions_fullback": -0.24426820607062613,
    "interceptions_cb": -0.17692658475899217,
    "interceptions_gk": 21.13992108630034,
    "clearances_striker": 0.8136362519245689,
    "clearances_winger": 0.3019978869765038,
    "clearances_attmid": 1.6179721774001734,
    "clearances_cm": 0.19182136510741146,
    "clearances_cdm": 0.870118218848745,
    "clearances_fullback": 0.4452721083708547,
    "clearances_cb": -0.21626199990545986,
    "clearances_gk": 0.8968189996043248,
    "blocks_striker": -5.712376305071958,
    "blocks_winger": -0.07966898844646494,
    "blocks_attmid": 0.8299151096896361,
    "blocks_cm": -0.7303822156157174,
    "blocks_cdm": 0.4765475795492639,
    "blocks_fullback": -1.4404145911595878,
    "blocks_cb": 0.43510252509150266,
    "blocks_gk": 1.052732870184624e-13,
    "aerials_won_striker": -0.017003816071593646,
    "aerials_won_winger": 0.0679490327341662,
    "aerials_won_attmid": -0.05432866052570934,
    "aerials_won_cm": 0.8036419135944015,
    "aerials_won_cdm": -1.0850500509894057,
    "aerials_won_fullback": -0.5015170245280355,
    "aerials_won_cb": -0.38544765998998026,
    "aerials_won_gk": 1.521026045617361,
    "key_passes_striker": 3.123302381699369,
    "key_passes_winger": -0.3470134936487937,
    "key_passes_attmid": 0.698170076745709,
    "key_passes_cm": -0.7886073338938452,
    "key_passes_cdm": 0.4449921523920199,
    "key_passes_fullback": 0.16524692088021467,
    "key_passes_cb": 0.3097975952821982,
    "key_passes_gk": 6.842389112607604,
    "dribbles_striker": -1.3326188426306693,
    "dribbles_winger": 0.36049876483057364,
    "dribbles_attmid": 0.09026634607465361,
    "dribbles_cm": -1.211072830180515,
    "dribbles_cdm": -0.15612057212644906,
    "dribbles_fullback": -0.9154814396457416,
    "dribbles_cb": -0.6531128334070094,
    "dribbles_gk": -1.918057319216749,
    "crosses_striker": -6.433298606619151,
    "crosses_winger": 0.12064515271571737,
    "crosses_attmid": -2.4220892041838398,
    "crosses_cm": -0.6631878678645772,
    "crosses_cdm": -1.5158766023213723,
    "crosses_fullback": -0.7498698985208483,
    "crosses_cb": 0.7055189254154997,
    "crosses_gk": 4.108555433766055e-14,
    "long_balls_striker": 0.7947910892613997,
    "long_balls_winger": 0.6204910117577382,
    "long_balls_attmid": 1.2240742577834338,
    "long_balls_cm": 0.8220912021613102,
    "long_balls_cdm": 0.47258628919481244,
    "long_balls_fullback": -0.3309925250409202,
    "long_balls_cb": 0.2608358549252038,
    "long_balls_gk": 0.08758681928352692,
    "through_balls_striker": 5.145155948788244,
    "through_balls_winger": 2.060765853682877,
    "through_balls_attmid": -1.466458874551803,
    "through_balls_cm": -8.717246017353949,
    "through_balls_cdm": 0.6995839670739409,
    "through_balls_fullback": 0.151799935404058,
    "through_balls_cb": -4.87662948919656,
    "through_balls_gk": -1.3701617698795753e-14,
    "avg_passes_striker": 0.024090251753496224,
    "avg_passes_winger": 0.015233628044299615,
    "avg_passes_attmid": -0.04234601063961777,
    "avg_passes_cm": 0.060488859512636904,
    "avg_passes_cdm": -0.03242131177434288,
    "avg_passes_fullback": 0.03650625896935281,
    "avg_passes_cb": 0.009143199194448857,
    "avg_passes_gk": 0.008448598411998423,
    "shots_striker": -0.43728884668569806,
    "shots_winger": 0.9042380151233356,
    "shots_attmid": 1.1217938253336197,
    "shots_cm": 0.519906719163105,
    "shots_cdm": -0.07643101341475181,
    "shots_fullback": 0.22684655365094233,
    "shots_cb": -1.3851856353327296,
    "shots_gk": -8.422005985268092e-15,
    "xg_striker": -0.1264881311061136,
    "xg_winger": -0.2558893571730023,
    "xg_attmid": -0.5258205469232593,
    "xg_cm": -0.626745614991075,
    "xg_cdm": -0.09160108218759162,
    "xg_fullback": 0.05119554863627373,
    "xg_cb": 0.23554652742620708,
    "xg_gk": 2.3044287776035812,
    "xg_p90_striker": 0.2152235748459368,
    "xg_p90_winger": 10.244230263355982,
    "xg_p90_attmid": 0.18443081338295686,
    "xg_p90_cm": 14.577777615049955,
    "xg_p90_cdm": 0.18761493568203028,
    "xg_p90_fullback": -7.018936432163805,
    "xg_p90_cb": -1.2580048973597888,
    "xg_p90_gk": 2.3044287776035812,
    "fouled_striker": -0.7007036343002915,
    "fouled_winger": 0.5822894634811041,
    "fouled_attmid": 1.539711051184837,
    "fouled_cm": 1.3302985159181384,
    "fouled_cdm": 0.862856165888391,
    "fouled_fullback": 0.6155725644659774,
    "fouled_cb": -0.017139217016901794,
    "fouled_gk": -3.1267175135656555
  },
  "residual_std": 0.11138554288953381,
  "mean_log_value": 16.969935881473397,
  "season": "2024-25"
}