{
  "intercept": 10.861710771409978,
  "coefficients": {
    "minutes_played": 0.0005621175425178594,
    "is_top4": 0.6543870353770266,
    "is_top6": 0.5318645208110494,
    "is_bottom6": 0.2390129284872851,
    "is_historic_top6": 0.04965728807178221,
    "is_promoted": -0.19381978359829619,
    "xg_diff": -0.05532414651259579,
    "pass_success_pct": 0.011479892989574927,
    "fouls_per_game": -0.07182367036058324,
    "dribbled_past_per_game": 0.05293784535150075,
    "yellow_cards": -0.010597998322832532,
    "is_striker": -0.1221326197265535,
    "is_winger": -0.14075761865942504,
    "is_attmid": -0.06422763915839631,
    "is_cm": 0.028000782064063874,
    "is_cdm": -0.49526319187042356,
    "is_fullback": 0.010645089994326016,
    "is_gk": 0.9145435662568271,
    "striker_age": 0.32828936888087157,
    "winger_age": -0.06073083871046269,
    "attmid_age": -0.14000068039625907,
    "cm_age": -0.13482449666545035,
    "cdm_age": -0.19690412288683853,
    "fullback_age": -0.03575326578675367,
    "cb_age": -0.14423647638831946,
    "gk_age": -0.17386439525258665,
    "striker_age_sq": 0.07059950163448783,
    "winger_age_sq": -0.013001022221044743,
    "attmid_age_sq": -0.004368252120250929,
    "cm_age_sq": -0.0030145576105434094,
    "cdm_age_sq": 0.002711115623920755,
    "fullback_age_sq": 0.12008315712575696,
    "cb_age_sq": -0.013786278999999088,
    "gk_age_sq": -0.007895009457170957,
    "striker_goals_per_90": 0.003651736356350391,
    "winger_goals_per_90": 0.6926157257123583,
    "attmid_goals_per_90": 2.1646457999029014,
    "cm_goals_per_90": 1.571714931990011,
    "cdm_goals_per_90": -2.993350781884814,
    "cb_goals_per_90": 2.8050041190021933,
    "winger_assists_per_90": -1.2067695673096774,
    "attmid_assists_per_90": -0.7442194935328388,
    "cm_assists_per_90": 0.5309185794720952,
    "cdm_assists_per_90": -3.7339041010225356,
    "cb_assists_per_90": 0.860908407378324,
    "gk_save_pct": 0.03786905255733607,
    "gk_cs_per_90": -0.5758602627602749,
    "gk_ga_per_90": 0.3966188231997243,
    "gk_sota_per_90": -0.11087350244357531,
    "gk_pk_save_pct": -0.010973583236414276,
    "tackles_per_game_winger": 1.028469353265225,
    "tackles_per_game_attmid": -0.2900749732947309,
    "tackles_per_game_cm": -0.17661474317858336,
    "tackles_per_game_cdm": -0.5178966041669919,
    "tackles_per_game_cb": -0.20833681280289856,
    "tackles_per_game_gk": -5.787996598703077,
    "interceptions_per_game_winger": -2.113642542824053,
    "interceptions_per_game_attmid": -0.24123202060943316,
    "interceptions_per_game_cm": 1.3144154740423302,
    "interceptions_per_game_cdm": -0.0527562747427153,
    "interceptions_per_game_cb": -0.3130949199028928,
    "clearances_per_game_winger": 0.5275819241781039,
    "clearances_per_game_attmid": -0.442406104778341,
    "clearances_per_game_cm": -1.0952486518374802,
    "clearances_per_game_cdm": 0.5224753529501838,
    "clearances_per_game_cb": -0.1849008184997018,
    "clearances_per_game_gk": -0.7567344685379718,
    "blocks_per_game_winger": 1.9314232219450886,
    "blocks_per_game_attmid": 1.2440138711033986,
    "blocks_per_game_cm": 1.0593612517242348,
    "blocks_per_game_cdm": 0.23812076839106905,
    "blocks_per_game_cb": 0.7000124771566195,
    "aerials_won_winger": 0.042612104025360954,
    "aerials_won_attmid": -0.08172693529775882,
    "aerials_won_cm": 0.004952565597365291,
    "aerials_won_cdm": -0.06374175366364744,
    "aerials_won_cb": 0.20256853870614186,
    "aerials_won_gk": -0.04650385102920217,
    "key_passes_per_game_winger": 0.6528315259433971,
    "key_passes_per_game_attmid": 0.301804927694087,
    "key_passes_per_game_cm": -0.28159182783095393,
    "key_passes_per_game_cdm": 0.6954409485626536,
    "key_passes_per_game_cb": 0.12489015191632193,
    "key_passes_per_game_gk": -1.76668939543045,
    "dribbles_per_game_winger": 0.5824761643825529,
    "dribbles_per_game_attmid": 0.04517204043900414,
    "dribbles_per_game_cm": -0.2303853401989778,
    "dribbles_per_game_cdm": 0.09053998057627073,
    "dribbles_per_game_cb": 0.165829808153731,
    "dribbles_per_game_gk": -2.850346038762579,
    "avg_passes_per_game_winger": -0.0294996894220746,
    "avg_passes_per_game_attmid": 0.019738416911963003,
    "avg_passes_per_game_cm": 0.0015762010542551995,
    "avg_passes_per_game_cdm": 0.0261842122815055,
    "avg_passes_per_game_cb": 0.016372021461565852,
    "avg_passes_per_game_gk": 0.011134034311502368,
    "shots_per_game_winger": -0.8586954808662876,
    "shots_per_game_attmid": 0.00925939878787372,
    "shots_per_game_cm": -0.0640589940673268,
    "shots_per_game_cdm": -0.3478806351743239,
    "shots_per_game_cb": 0.2119950653154942,
    "xg_winger": 0.07535856722022795,
    "xg_attmid": -0.04080812577196791,
    "xg_cm": 0.06224895211558127,
    "xg_cdm": 0.195433656467457,
    "xg_cb": -0.1946151362457918,
    "xg_gk": -0.50954804319934,
    "fouled_per_game_winger": 0.24684375945327738,
    "fouled_per_game_attmid": 0.16254019345706783,
    "fouled_per_game_cm": 0.36448715395379583,
    "fouled_per_game_cdm": -0.33994259587195474,
    "fouled_per_game_cb": -0.1527421338662659,
    "fouled_per_game_gk": 1.6400867158313515
  },
  "pvalues": {
    "minutes_played": 5.930039828479185e-13,
    "is_top4": 0.003966693539361603,
    "is_top6": 3.444861563901372e-05,
    "is_bottom6": 0.295477679101047,
    "is_historic_top6": 0.7826557326655091,
    "is_promoted": 0.4810249243553879,
    "xg_diff": 0.25521906642067843,
    "pass_success_pct": 0.17639355278226995,
    "fouls_per_game": 0.6139041835006416,
    "dribbled_past_per_game": 0.7820780013277449,
    "yellow_cards": 0.5996785587573943,
    "is_striker": 0.29563674698811593,
    "is_winger": 0.9601649008240585,
    "is_attmid": 0.8529060035948244,
    "is_cm": 0.9293069774467144,
    "is_cdm": 0.41697617170611057,
    "is_fullback": 0.0166261710079178,
    "is_gk": 0.20745030306722229,
    "striker_age": 0.2981887107275239,
    "winger_age": 0.6311712079531497,
    "attmid_age": 4.513493560218461e-09,
    "cm_age": 3.9030348663206195e-08,
    "cdm_age": 0.001790317493955289,
    "fullback_age": 0.016626171006913507,
    "cb_age": 5.344346014571861e-26,
    "gk_age": 0.015115038566770912,
    "striker_age_sq": 0.1519308754569751,
    "winger_age_sq": 0.6770866175118346,
    "attmid_age_sq": 0.2347191850724657,
    "cm_age_sq": 0.4477376141655095,
    "cdm_age_sq": 0.8626374193686273,
    "fullback_age_sq": 0.01662617100688277,
    "cb_age_sq": 5.758902874177976e-08,
    "gk_age_sq": 0.4536749260826367,
    "striker_goals_per_90": 0.2799540992042179,
    "winger_goals_per_90": 0.8533305240004067,
    "attmid_goals_per_90": 0.0013459452847353977,
    "cm_goals_per_90": 0.19946795241869847,
    "cdm_goals_per_90": 0.6552163498843729,
    "cb_goals_per_90": 0.03494197273450467,
    "winger_assists_per_90": 0.8883197727923666,
    "attmid_assists_per_90": 0.34698961085170177,
    "cm_assists_per_90": 0.6088386286849405,
    "cdm_assists_per_90": 0.330617748622009,
    "cb_assists_per_90": 0.3400049966027636,
    "gk_save_pct": 0.416722556607115,
    "gk_cs_per_90": 0.6707600419075898,
    "gk_ga_per_90": 0.6094113999877353,
    "gk_sota_per_90": 0.7448471219179545,
    "gk_pk_save_pct": 0.1293495524217293,
    "tackles_per_game_winger": 0.839082364078918,
    "tackles_per_game_attmid": 0.33883780230904403,
    "tackles_per_game_cm": 0.6003448577886621,
    "tackles_per_game_cdm": 0.2428514653329664,
    "tackles_per_game_cb": 0.09870453818693124,
    "tackles_per_game_gk": 0.09840933575163839,
    "interceptions_per_game_winger": 0.6884797216845507,
    "interceptions_per_game_attmid": 0.6856500825639726,
    "interceptions_per_game_cm": 0.009771003231312914,
    "interceptions_per_game_cdm": 0.9438138613450153,
    "interceptions_per_game_cb": 0.08398895844453812,
    "clearances_per_game_winger": 0.564885594335444,
    "clearances_per_game_attmid": 0.30343263236014895,