{
  "intercept": 9.508087052710755,
  "coefficients": {
    "minutes_played": 0.0005025059783558867,
    "is_top4": 1.218208733953219,
    "is_top6": -0.10380776172614448,
    "is_bottom6": 0.05687164585464012,
    "is_historic_top6": 0.43110726883635564,
    "is_promoted": -0.21870314186184175,
    "xg_diff": 0.052247140890775465,
    "pass_success_pct": 0.030874757662238895,
    "fouls_per_game": -0.02958275322372774,
    "dribbled_past_per_game": 0.3206512330500118,
    "yellow_cards": -0.0421818986389981,
    "is_striker": 0.1481423765874426,
    "is_winger": -2.54923900938557,
    "is_attmid": 0.36444709739432213,
    "is_cm": -1.4638432939778772,
    "is_cdm": -1.7500565774196377,
    "is_fullback": 0.44175086785979695,
    "is_gk": -0.44358793724047013,
    "striker_age": -0.051764994289581756,
    "winger_age": -0.13222192159770904,
    "attmid_age": -0.1653936799177631,
    "cm_age": -0.18970974953816377,
    "cdm_age": -0.11584641632590616,
    "fullback_age": -0.6052964600322152,
    "cb_age": -0.1147331563693914,
    "gk_age": -0.23214755347275876,
    "striker_age_sq": 0.1964744674539258,
    "winger_age_sq": -0.009973642523342206,
    "attmid_age_sq": -0.004973924377130653,
    "cm_age_sq": -0.0018247289498628202,
    "cdm_age_sq": -0.010609382256564647,
    "fullback_age_sq": -0.06014768139276053,
    "cb_age_sq": -0.010125459082954666,
    "gk_age_sq": 0.02850870010840027,
    "striker_goals_per_90": 0.04870648053963581,
    "winger_goals_per_90": 2.4719473013948976,
    "attmid_goals_per_90": -0.15728903629947935,
    "cm_goals_per_90": 1.0619582647062649,
    "cdm_goals_per_90": -1.9433148960923698,
    "fullback_goals_per_90": 0.11712091783030665,
    "cb_goals_per_90": -1.2760664126242052,
    "striker_assists_per_90": 0.016996671530479478,
    "winger_assists_per_90": 1.3716651052883246,
    "attmid_assists_per_90": 1.3061728345932488,
    "cm_assists_per_90": 4.585560731451541,
    "cdm_assists_per_90": 7.247110008030547,
    "fullback_assists_per_90": 0.3238381435551849,
    "cb_assists_per_90": -0.48394122538069445,
    "gk_save_pct": 0.027348096477148878,
    "gk_cs_per_90": -0.04682588195649163,
    "gk_ga_per_90": -0.4462409607678705,
    "gk_sota_per_90": 0.08741233277189102,
    "gk_pk_save_pct": -0.012381630762921148,
    "tackles_per_game_winger": -0.4457659719487376,
    "tackles_per_game_attmid": -0.711769500303681,
    "tackles_per_game_cm": -0.9698195578376646,
    "tackles_per_game_cdm": -0.22613977367824778,
    "tackles_per_game_cb": 0.08438288857119647,
    "tackles_per_game_gk": 6.0633912116656195,
    "interceptions_per_game_winger": 4.081798975001637,
    "interceptions_per_game_attmid": -0.19302140582949995,
    "interceptions_per_game_cm": 0.9984069968095074,
    "interceptions_per_game_cdm": -0.5227063833771496,
    "interceptions_per_game_cb": -0.3798774780763935,
    "clearances_per_game_winger": 0.017459306157153517,
    "clearances_per_game_attmid": -1.09280336884183,
    "clearances_per_game_cm": 0.4907424167061238,
    "clearances_per_game_cdm": 1.1667081958314638,
    "clearances_per_game_cb": -0.10359196572375774,
    "clearances_per_game_gk": -0.6308507640329272,
    "blocks_per_game_winger": -2.586708732855151,
    "blocks_per_game_attmid": 0.027218596192144538,
    "blocks_per_game_cm": 0.4665562348988076,
    "blocks_per_game_cdm": -2.5774720312904527,
    "blocks_per_game_cb": 0.1383467584971388,
    "aerials_won_winger": 0.20043887632341356,
    "aerials_won_attmid": 0.519697397718558,
    "aerials_won_cm": 0.2566228725405605,
    "aerials_won_cdm": 0.13499882429523524,
    "aerials_won_cb": 0.15678541410210287,
    "aerials_won_gk": 12.628150615820637,
    "key_passes_per_game_winger": -3.0009859868853375,
    "key_passes_per_game_attmid": -0.05769011314591114,
    "key_passes_per_game_cm": -0.5281290617534595,
    "key_passes_per_game_cdm": -0.2588865249107141,
    "key_passes_per_game_cb": 0.34377897734237994,
    "key_passes_per_game_gk": 9.684303572090341,
    "dribbles_per_game_winger": -0.5340631162464625,
    "dribbles_per_game_attmid": -0.12378933159633047,
    "dribbles_per_game_cm": -0.1437600369688674,
    "dribbles_per_game_cdm": -0.5286437146749502,
    "dribbles_per_game_cb": -0.21020746080873046,
    "avg_passes_per_game_winger": 0.161965051911726,
    "avg_passes_per_game_attmid": 0.04145328139282364,
    "avg_passes_per_game_cm": 0.029886187483539037,
    "avg_passes_per_game_cdm": 0.031766491158819646,
    "avg_passes_per_game_cb": 0.003733514943694668,
    "avg_passes_per_game_gk": -0.10867668372743908,
    "shots_per_game_winger": 1.710626264947154,
    "shots_per_game_attmid": -0.32803733967402543,
    "shots_per_game_cm": -0.2203519894190483,
    "shots_per_game_cdm": -1.2268003849598466,
    "shots_per_game_cb": 0.5324677738719428,
    "xg_winger": -0.15142224380138006,
    "xg_attmid": 0.07970857100806088,
    "xg_cm": 0.1381727812830674,
    "xg_cdm": 0.6918534135765212,
    "xg_cb": 0.08518898616823377,
    "xg_gk": 3.719873255992581,
    "fouled_per_game_winger": -0.1975103623497061,
    "fouled_per_game_attmid": -0.12219295866710693,
    "fouled_per_game_cm": 0.5174275851473652,
    "fouled_per_game_cdm": 0.3649075433992219,
    "fouled_per_game_cb": -0.3857973416758232,
    "fouled_per_game_gk": -3.383005574587935
  },
  "pvalues": {
    "minutes_played": 5.101006669696257e-05,
    "is_top4": 0.000444666619369411,
    "is_top6": 0.7001142506009911,
    "is_bottom6": 0.7394264191978457,
    "is_historic_top6": 0.12876993213817733,
    "is_promoted": 0.4673712726396001,
    "xg_diff": 0.5435419521296305,
    "pass_success_pct": 0.07669349632122116,
    "fouls_per_game": 0.8848369566171406,
    "dribbled_past_per_game": 0.33965916890953884,
    "yellow_cards": 0.16337073120041318,
    "is_striker": 0.8401772560902352,
    "is_winger": 0.05569075237128082,
    "is_attmid": 0.49833536835251246,
    "is_cm": 0.009787792908473272,
    "is_cdm": 0.0905458012466852,
    "is_fullback": 0.8578118586446983,
    "is_gk": 0.6273733991550403,
    "striker_age": 0.6651877841007926,
    "winger_age": 0.24904060516073293,
    "attmid_age": 0.00015534653438547492,
    "cm_age": 0.000712491224242835,
    "cdm_age": 0.10190300097681279,
    "fullback_age": 0.7895324625808978,
    "cb_age": 0.000272923015051717,
    "gk_age": 0.23623454151436926,
    "striker_age_sq": 0.06114157039101846,
    "winger_age_sq": 0.5376284191968614,
    "attmid_age_sq": 0.5070050862319266,
    "cm_age_sq": 0.7815912653529743,
    "cdm_age_sq": 0.43671607751282104,
    "fullback_age_sq": 0.8842012350753494,
    "cb_age_sq": 0.004284384836385928,
    "gk_age_sq": 0.11170898100096972,
    "striker_goals_per_90": 0.8521825667089853,
    "winger_goals_per_90": 0.09022087909390779,
    "attmid_goals_per_90": 0.8833772842486218,
    "cm_goals_per_90": 0.5795714955825161,
    "cdm_goals_per_90": 0.5764965497555891,
    "fullback_goals_per_90": 0.8305201951118207,
    "cb_goals_per_90": 0.45209677455304775,
    "striker_assists_per_90": 0.8449464244497885,
    "winger_assists_per_90": 0.584387163302701,
    "attmid_assists_per_90": 0.29775201753125863,
    "cm_assists_per_90": 0.009236666479287564,
    "cdm_assists_per_90": 0.12515668068162347,
    "fullback_assists_per_90": 0.8308812146300475,
    "cb_assists_per_90": 0.6825238110002534,
    "gk_save_pct": 0.7036417043262402,
    "gk_cs_per_90": 0.9797984862882777,
    "gk_ga_per_90": 0.824009352713353,
    "gk_sota_per_90": 0.9124226818869912,
    "gk_pk_save_pct": 0.37188159581219915,
    "tackles_per_game_winger": 0.757035396995116,
    "tackles_per_game_attmid": 0.1704782032480339,
    "tackles_per_game_cm": 0.05529749114503635,
    "tackles_per_game_cdm": 0.7288048620474421,
    "tackles_per_game_cb": 0.7168060134368157,
    "tackles_per_game_gk": 0.36944230015547785,
    "interceptions_per_game_winger": 0.3250922306934405,
    "interceptions_per_game_attmid": 0.8191880495199481,
    "interceptions_per_game_cm": 0.29578477495073124,