{
  "intercept": 10.313110128850818,
  "coefficients": {
    "minutes_played": 0.0003158973200874699,
    "is_top4": -0.2350589825440858,
    "is_top6": 0.533489497059849,
    "is_bottom6": -0.12180967502549854,
    "is_historic_top6": 0.6426645479307941,
    "is_promoted": -0.7279718013857073,
    "rating": 0.816720535101353,
    "xg_diff": 0.023976015362459937,
    "pass_success_pct": 0.010703157773088182,
    "fouls_per_game": -0.11583205624049221,
    "dribbled_past_per_game": -0.09195161665971563,
    "yellow_cards": 0.0129129962696602,
    "is_winger": -0.10366097822166978,
    "is_attmid": -0.33491494946102135,
    "is_cm": -0.3551624376218598,
    "is_cdm": 0.4484902388037826,
    "is_fullback": -0.05179707914666852,
    "is_gk": -3.7828642925007854,
    "winger_age": -0.12241784937213923,
    "attmid_age": -0.12612647521115802,
    "cm_age": -0.15386199662280917,
    "cdm_age": -0.17318002622744383,
    "fullback_age": -0.012722089607576077,
    "cb_age": -0.15133542749809176,
    "gk_age": -0.08184313882308898,
    "winger_age_sq": 0.009971710331178652,
    "attmid_age_sq": -0.007237598538388339,
    "cm_age_sq": -0.002549162450405454,
    "cdm_age_sq": -0.015065135828567994,
    "fullback_age_sq": -0.003124723770147104,
    "cb_age_sq": -0.01250166099903092,
    "gk_age_sq": -0.004306660248128928,
    "winger_goals_per_90": 1.2889078652717592,
    "attmid_goals_per_90": 0.2867330282552696,
    "cm_goals_per_90": 0.31133174524397483,
    "cdm_goals_per_90": -0.4926179042315597,
    "cb_goals_per_90": -1.189163833171473,
    "winger_assists_per_90": 1.895806320333199,
    "attmid_assists_per_90": 0.2544705304718397,
    "cm_assists_per_90": 0.7930239613582194,
    "cdm_assists_per_90": 0.440795017967131,
    "fullback_assists_per_90": -0.0017820096034088556,
    "cb_assists_per_90": -1.3094617229755305,
    "gk_save_pct": -0.006513046826029468,
    "gk_cs_per_90": 0.43498537554976613,
    "gk_ga_per_90": 0.002109722577941538,
    "gk_sota_per_90": -0.25051303228095995,
    "gk_pk_save_pct": 0.005567450257080794,
    "tackles_per_game_winger": 0.20459144417963238,
    "tackles_per_game_attmid": -0.051208942104475054,
    "tackles_per_game_cm": 0.05989071119165958,
    "tackles_per_game_cdm": -0.515129605058063,
    "tackles_per_game_cb": -0.04255262414596282,
    "tackles_per_game_gk": 1.1562025754011909,
    "interceptions_per_game_winger": -0.28393571599527634,
    "interceptions_per_game_attmid": -0.16076354216422944,
    "interceptions_per_game_cm": -0.30271634823025034,
    "interceptions_per_game_cdm": 0.9366877700680704,
    "interceptions_per_game_cb": -0.23586386179761626,
    "clearances_per_game_winger": 0.49613615525539234,
    "clearances_per_game_attmid": -0.4658814263838805,
    "clearances_per_game_cm": -0.058226821956590784,
    "clearances_per_game_cdm": -0.8379397186802103,
    "clearances_per_game_cb": -0.031954484215893204,
    "clearances_per_game_gk": 0.6243343819494426,
    "blocks_per_game_winger": -0.9595185637852984,
    "blocks_per_game_attmid": 1.474168546436387,
    "blocks_per_game_cm": 0.2856505552443716,
    "blocks_per_game_cdm": -0.2780200393501766,
    "blocks_per_game_cb": -0.05758061931352306,
    "aerials_won_winger": -0.28592047816994737,
    "aerials_won_attmid": 0.08122336769618467,
    "aerials_won_cm": 0.16428736520775794,
    "aerials_won_cdm": 0.28649694236410217,
    "aerials_won_cb": 0.06885571662460717,
    "aerials_won_gk": -0.4641894729261138,
    "key_passes_per_game_winger": -0.7459597852644066,
    "key_passes_per_game_attmid": -0.09579955647315545,
    "key_passes_per_game_cm": 0.027236686168555475,
    "key_passes_per_game_cdm": -0.11616333337105354,
    "key_passes_per_game_cb": 0.2625450513573475,
    "key_passes_per_game_gk": -0.46146455613541315,
    "dribbles_per_game_winger": 0.08966406121312219,
    "dribbles_per_game_attmid": -0.05356960398530564,
    "dribbles_per_game_cm": 0.08252792385113548,
    "dribbles_per_game_cdm": -0.9121961792376936,
    "dribbles_per_game_cb": -0.012821451636873019,
    "dribbles_per_game_gk": 6.752469624295416,
    "avg_passes_per_game_winger": 0.01701463520556904,
    "avg_passes_per_game_attmid": 0.0016064266939679642,
    "avg_passes_per_game_cm": 0.010124202138558264,
    "avg_passes_per_game_cdm": 0.018143143768467755,
    "avg_passes_per_game_cb": 0.0022654647734867066,
    "avg_passes_per_game_gk": 0.08048340844064734,
    "shots_per_game_winger": -0.18629521564087512,
    "shots_per_game_attmid": 0.3850679148804363,
    "shots_per_game_cm": -0.1976509688387274,
    "shots_per_game_cdm": -0.2951279073491147,
    "shots_per_game_cb": 0.25524555849590647,
    "xg_winger": 0.043586818497907354,
    "xg_attmid": -0.015152758288474724,
    "xg_cm": 0.05714123030891539,
    "xg_cdm": 0.21727520612788206,
    "xg_cb": 0.06186609753891816,
    "xg_gk": -33.44468656728376,
    "fouled_per_game_winger": 0.12526197638925102,
    "fouled_per_game_attmid": 0.1652352497078735,
    "fouled_per_game_cm": 0.032338661762800494,
    "fouled_per_game_cdm": 0.04422931191931169,
    "fouled_per_game_cb": -0.0545873419328573,
    "fouled_per_game_gk": 2.1177780900755137
  },
  "pvalues": {
    "minutes_played": 6.583679961040277e-07,
    "is_top4": 0.13073085649053579,
    "is_top6": 5.131759346667524e-07,
    "is_bottom6": 0.1125688938244659,
    "is_historic_top6": 5.8768160467149636e-05,
    "is_promoted": 3.6014895837765293e-12,
    "rating": 0.0011727244072047144,
    "xg_diff": 0.5207638484895893,
    "pass_success_pct": 0.18543138757790434,
    "fouls_per_game": 0.3595718511458983,
    "dribbled_past_per_game": 0.5649073594890517,
    "yellow_cards": 0.4342941593231032,
    "is_winger": 0.8273794243972015,
    "is_attmid": 0.28488095981488015,
    "is_cm": 0.13937636403013856,
    "is_cdm": 0.6279915849289295,
    "is_fullback": 0.9076283858290777,
    "is_gk": 0.00010372167210807225,
    "winger_age": 0.464059813365729,
    "attmid_age": 1.8374518885574746e-07,
    "cm_age": 8.072841664039293e-15,
    "cdm_age": 0.059670967971056636,
    "fullback_age": 0.9076283858828222,
    "cb_age": 9.519312763859222e-29,
    "gk_age": 0.09079808050566227,
    "winger_age_sq": 0.7070129546111921,
    "attmid_age_sq": 0.1768290596131262,
    "cm_age_sq": 0.43062935998341756,
    "cdm_age_sq": 0.38450720734814925,
    "fullback_age_sq": 0.907628385679143,
    "cb_age_sq": 6.224043655509052e-08,
    "gk_age_sq": 0.4642201293948557,
    "winger_goals_per_90": 0.5213501876919318,
    "attmid_goals_per_90": 0.6737024200897541,
    "cm_goals_per_90": 0.7108614484379583,
    "cdm_goals_per_90": 0.39213023658262014,
    "cb_goals_per_90": 0.18243827277361963,
    "winger_assists_per_90": 0.3406028817964065,
    "attmid_assists_per_90": 0.7315998897822679,
    "cm_assists_per_90": 0.2348239253012466,
    "cdm_assists_per_90": 0.36812753021166933,
    "fullback_assists_per_90": 0.9076283858426206,
    "cb_assists_per_90": 0.022326242270494387,
    "gk_save_pct": 0.9575843480445311,
    "gk_cs_per_90": 0.7815828877353412,
    "gk_ga_per_90": 0.9993612598538546,
    "gk_sota_per_90": 0.7882054170198414,
    "gk_pk_save_pct": 0.2567995815401108,
    "tackles_per_game_winger": 0.9382841857598649,
    "tackles_per_game_attmid": 0.8475658142912439,
    "tackles_per_game_cm": 0.7837019553432198,
    "tackles_per_game_cdm": 0.2969869250821355,
    "tackles_per_game_cb": 0.6816842590333829,
    "tackles_per_game_gk": 0.6916225529792734,
    "interceptions_per_game_winger": 0.8931253078738792,
    "interceptions_per_game_attmid": 0.8013915702979421,
    "interceptions_per_game_cm": 0.2886258765153495,
    "interceptions_per_game_cdm": 0.29994475765586787,
    "interceptions_per_game_cb": 0.076735958403301,
    "clearances_per_game_winger": 0.6588224146222346,
    "clearances_per_game_attmid": 0.22366629955372008,
    "clearances_per_game_cm": 0.7339376406723601,
    "clearances_per_game_cdm": 0.2958592365292338,
    "clearances_per_game_cb": 0.5142974384697081,